metric,value
total_evaluations,112368.0
non_zero_rate,0.9727502491812615
avg_prior_overall,0.02803813578829193
avg_prior_when_used,0.02882357091338799
